/Heroes/Wizarak/index.{html} /Heroes/Wizarak/
/Locations/Falstaff/index.{html} /Locations/Falstaff/
/NPCs/Milo/index.{html} /NPCs/Milo/
/index.html /
/subfolder/sub-subfolder//index.{html} /subfolder/sub-subfolder//
/Chapters/01-Acid-Rain/index.{html} /Chapters/01-Acid-Rain/
/Heroes/Hargo/index.{html} /Heroes/Hargo/
/Heroes/Spindlesticks/index.{html} /Heroes/Spindlesticks/
/NPCs/Egregious-Confounder/index.{html} /NPCs/Egregious-Confounder/
/subfolder/sub-subfolder/note/index.{html} /subfolder/sub-subfolder/note/
/Enemies/Vellathdros/index.{html} /Enemies/Vellathdros/
/Heroes/Wunce/index.{html} /Heroes/Wunce/
/subfolder/note/index.{html} /subfolder/note/
/Heroes/Dianarys/index.{html} /Heroes/Dianarys/
/NPCs/Cornice-Rice/index.{html} /NPCs/Cornice-Rice/
/subfolder//index.{html} /subfolder//
